{
  "anime_videos": {
    "55888": {
      "title": "Mushoku Tensei II: Isekai Ittara Honki Dasu Part 2",
      "episodes": {
        "1": {
          "hydrax": "Xv21YukH0",
          "vidhide": "vh5e6f7g8h9",
          "turbovidplay": "tv9i8j7k6l5",
          "streamhg": "sh4m3n2o1p0"
        },
        "2": {
          "hydrax": "hx2b3c4d5e6",
          "vidhide": "vh6f7g8h9i0",
          "turbovidplay": "tv8j7k6l5m4",
          "streamhg": "sh3n2o1p0q9"
        }
      }
    },
    "20": {
      "title": "Naruto",
      "episodes": {
        "1": {
          "hydrax": "hx3c4d5e6f7",
          "vidhide": "vh7g8h9i0j1",
          "turbovidplay": "tv7k6l5m4n3",
          "streamhg": "sh2o1p0q9r8"
        }
      }
    }
  }
}